wordy	concise
It is worth noting that the findings suggest a different approach.	The findings suggest a different approach.
Due to the fact that the model failed, we revised the approach.	Because the model failed, we revised the approach.
In order to achieve this goal, researchers must develop new methods.	To achieve this goal, researchers must develop new methods.
The study makes use of qualitative methods to analyse the data.	The study uses qualitative methods to analyse the data.
It is evident that the current approach has several limitations.	The current approach has several limitations.
As has been mentioned previously, this issue remains contested.	This issue remains contested.
There are a number of factors that contribute to this outcome.	Several factors contribute to this outcome.
At this point in time, no consensus has been reached.	Currently, no consensus has been reached.
The way in which language functions is highly complex.	How language functions is highly complex.
From the point of view of the researcher, this presents a challenge.	For the researcher, this presents a challenge.
It is important to note that these findings are preliminary.	These findings are preliminary.
The utilisation of mixed methods allows for broader analysis.	Using mixed methods allows for broader analysis.
A large number of studies have been conducted on this topic.	Many studies have been conducted on this topic.
With regard to the second question, the results are inconclusive.	Regarding the second question, the results are inconclusive.
The fact that participants responded differently is noteworthy.	That participants responded differently is noteworthy.
In view of the fact that resources are limited, priorities must be set.	Because resources are limited, priorities must be set.
The data was analysed by means of regression analysis.	The data was analysed by regression analysis.
It should be noted that the sample size is small.	The sample size is small.
In the case where the model fails, an alternative is applied.	When the model fails, an alternative is applied.
That being said, further research is clearly needed.	Further research is clearly needed.
The very complex nature of the issue makes analysis difficult.	The complex nature of the issue makes analysis difficult.
An approach that is systematic is required for this analysis.	A systematic approach is required for this analysis.
On the basis of these findings, we conclude that intervention is needed.	Based on these findings, we conclude that intervention is needed.
At the present time, there is no definitive answer.	Currently, there is no definitive answer.
It could be argued that the methodology is flawed.	The methodology may be flawed.
In spite of the fact that the results were negative, the study is valuable.	Although the results were negative, the study is valuable.
The researchers took into account a wide variety of factors.	The researchers considered various factors.
In terms of methodology, the study employs a qualitative approach.	Methodologically, the study employs a qualitative approach.
It is possible that the effect is mediated by a third variable.	Perhaps the effect is mediated by a third variable.
For the purpose of this study, three groups were formed.	For this study, three groups were formed.
With this in mind, future research should examine longitudinal patterns.	Future research should examine longitudinal patterns.
The rather small sample limits the generalisability of the findings.	The small sample limits the generalisability of the findings.
Subsequent to the intervention, participants reported improved wellbeing.	After the intervention, participants reported improved wellbeing.
It has been suggested that social factors play a significant role.	Social factors may play a significant role.
Prior to the analysis, all data were screened for outliers.	Before the analysis, all data were screened for outliers.
This demonstrates that the highly complex relationship warrants further study.	This demonstrates that the complex relationship warrants further study.
The extent to which motivation affects performance is debated.	How far motivation affects performance is debated.
Researchers arrived at the conclusion that the intervention was ineffective.	Researchers concluded that the intervention was ineffective.
A wide range of methodological approaches has been employed.	Various methodological approaches have been employed.
It is fair to say that this remains an open question.	This remains an open question.
The manner in which institutions respond to crises varies considerably.	How institutions respond to crises varies considerably.
By means of this approach, the authors achieve greater precision.	By this approach, the authors achieve greater precision.
A significant number of participants withdrew before completion.	Many participants withdrew before completion.
In the light of recent developments, the theory requires revision.	Given recent developments, the theory requires revision.
Having said that, exceptions to this pattern do exist.	Exceptions to this pattern do exist.
The study is in agreement with previous findings in this area.	The study agrees with previous findings in this area.
At the same time, one must acknowledge the limitations of this approach.	One must simultaneously acknowledge the limitations of this approach.
In more ways than one, this challenges conventional assumptions.	This challenges conventional assumptions.
The quite surprising finding suggests that further study is warranted.	The surprising finding suggests that further study is warranted.
In the absence of longitudinal data, conclusions remain tentative.	Without longitudinal data, conclusions remain tentative.
